epoch,loss,iou,dice,val_loss,val_iou,val_dice
0,0.047060333,0.6342655721568087,0.7334641151130193,0.041769445,0.7554175979003217,0.8355400368432016
